{
  "epoch": [
    1,
    2,
    3,
    4,
    5,
    6,
    7,
    8,
    9,
    10,
    11,
    12,
    13,
    14,
    15,
    16,
    17,
    18,
    19,
    20,
    21,
    22,
    23,
    24,
    25,
    26,
    27,
    28,
    29,
    30,
    31,
    32,
    33,
    34,
    35,
    36,
    37,
    38,
    39,
    40,
    41,
    42,
    43,
    44,
    45,
    46,
    47,
    48,
    49,
    50
  ],
  "train_loss": [
    1.8348595452687098,
    1.5831159977685838,
    1.5448982999438332,
    1.5281746917300754,
    1.5214024857869224,
    1.5086878519209603,
    1.5027553751355125,
    1.4956451389524672,
    1.490146587765406,
    1.4827889998753865,
    1.4815388880078755,
    1.4773682393724956,
    1.4751082488468714,
    1.471162858463469,
    1.4669656166954645,
    1.461323416422284,
    1.4613660384738256,
    1.4581328479070512,
    1.4537231032810514,
    1.452936779885065,
    1.4488516194479806,
    1.4471531084605627,
    1.4458610973660908,
    1.4430103226313515,
    1.442121978790041,
    1.4378000535662212,
    1.436110876855396,
    1.434309685041034,
    1.4337564252671742,
    1.4306127816911727,
    1.4299388404876467,
    1.4286383731024606,
    1.424349029858907,
    1.4251068016839405,
    1.423324395739843,
    1.4213386565919905,
    1.4206387883140927,
    1.4211462509064448,
    1.4160719031379336,
    1.4154433125541324,
    1.413947722268483,
    1.4127056125610593,
    1.4105654065571134,
    1.409339433624631,
    1.4078212124960763,
    1.407699257608444,
    1.4039210516308982,
    1.4037471687982952,
    1.4026790213963343,
    1.4002949377847096
  ],
  "val_loss": [
    1.6417182225447435,
    1.571710650737469,
    1.550270071396461,
    1.5348045642559345,
    1.528432846069336,
    1.516696544793936,
    1.5130739212036133,
    1.5077226712153509,
    1.5075872494624212,
    1.5025312350346491,
    1.4987421861061683,
    1.4995791361882136,
    1.4885680217009325,
    1.4913763908239512,
    1.4889505734810462,
    1.4895260884211614,
    1.4867171415915856,
    1.4834442138671875,
    1.483454548395597,
    1.4807840585708618,
    1.4861791133880615,
    1.4819276607953584,
    1.4805493354797363,
    1.4805984221971953,
    1.474300402861375,
    1.474790563950172,
    1.4734147053498488,
    1.4795638231130748,
    1.4733650042460515,
    1.473077315550584,
    1.479537349480849,
    1.4797595831064076,
    1.4704713821411133,
    1.4727606223179743,
    1.4661105137604933,
    1.4786971807479858,
    1.472998674099262,
    1.4691768701259906,
    1.469372428380526,
    1.470071003987239,
    1.4665314601017878,
    1.466786870589623,
    1.4684001207351685,
    1.4711021093221812,
    1.4686223176809459,
    1.4782333098925078,
    1.471954996769245,
    1.465200350834773,
    1.4745544103475718,
    1.4632556621844952
  ]
}