{
    "heatmap_model": {
        "train_loss": [
            0.023224950252100824,
            0.0012645162823610007,
            0.0008112490712665021,
            0.0006849247445352376,
            0.0006159775694832205,
            0.0005721911233849824,
            0.0005412703170441091,
            0.0005186092637013644,
            0.0005009389100596309,
            0.0004871640850324184,
            0.00047574468236416577,
            0.0004665863586124033,
            0.00045899880491197107,
            0.00045262690749950705,
            0.0004472288209944963,
            0.0004422614986542612,
            0.0004382922323420644,
            0.00043473664368502793,
            0.000431482098530978,
            0.00042876922735013065,
            0.000426334866322577,
            0.0004241429762914777,
            0.00042207760573364795,
            0.0004202785070083337,
            0.0004189673613291234,
            0.0004173042271286249,
            0.0004159307205118239,
            0.0004146660913247615,
            0.00041361222811974585,
            0.0004127527349628508
        ],
        "val_loss": [
            0.0020219614170491696,
            0.0010198023589327932,
            0.000863106013275683,
            0.000771157261915505,
            0.0007151469355449081,
            0.0006777195259928704,
            0.0006509215943515301,
            0.0006307895737700164,
            0.0006149050965905189,
            0.0006015924923121929,
            0.0005909127532504499,
            0.0005833231168799102,
            0.0005756559688597918,
            0.0005693542724475265,
            0.0005646545928902924,
            0.0005600074445828796,
            0.0005564073077403009,
            0.0005526615888811648,
            0.0005494326259940863,
            0.00054654729552567,
            0.0005446385615505278,
            0.0005420054425485432,
            0.0005399862746708095,
            0.0005392727022990585,
            0.0005365940043702722,
            0.0005353005765937269,
            0.0005339964898303151,
            0.000532973117660731,
            0.0005318894097581506,
            0.0005311319860629737
        ]
    },
    "regression_model": {
        "train_loss": [
            0.00739068928360939,
            0.0052728959619998935,
            0.004638447299599648,
            0.004174299970269203,
            0.003958348065614701,
            0.003783079072833061,
            0.003608888879418373,
            0.0036005885899066926,
            0.0035376878976821897,
            0.003367080420255661,
            0.003354660488665104,
            0.003298935100436211,
            0.003171927586197853,
            0.0030584811940789223,
            0.003008331522345543,
            0.002831067353487015,
            0.0027341593056917192,
            0.002864128269255161,
            0.0027358845323324204,
            0.0026742993742227554,
            0.0025052076429128646,
            0.0024913886934518816,
            0.0024014353454113006,
            0.002421606495976448,
            0.002439941465854645,
            0.0023216046765446663,
            0.0023851371854543687,
            0.0023054791912436486,
            0.0023709967583417893,
            0.002157472088932991
        ],
        "val_loss": [
            0.039163410812616345,
            0.033178357779979704,
            0.027508362010121346,
            0.023040226101875304,
            0.019678764566779135,
            0.017602877989411354,
            0.01650006599724293,
            0.01506284549832344,
            0.014967402666807175,
            0.015986047834157944,
            0.01666458837687969,
            0.014932306408882141,
            0.013701091930270195,
            0.013052124343812466,
            0.012337141372263431,
            0.012250314652919769,
            0.011490958221256732,
            0.010690529011189937,
            0.01227800264954567,
            0.011812561675906181,
            0.010472190342843532,
            0.00968013033270836,
            0.010982920937240124,
            0.010602329820394517,
            0.013189449161291122,
            0.015016731917858123,
            0.011896159872412682,
            0.012167559042572974,
            0.012715751752257348,
            0.009722663015127182
        ]
    }
}